楼栋,单元,楼层,房号,房屋编码(25位),楼栋编码(19位),详细地址
广东省深圳市龙华区民治街道民乐社区滢水山庄一区1栋,,,,,,广东省深圳市龙华区民治街道民乐社区滢水山庄一区1栋
广东省深圳市龙华区民治街道民乐社区滢水山庄一区2栋,,,,,,广东省深圳市龙华区民治街道民乐社区滢水山庄一区2栋
广东省深圳市龙华区民治街道民乐社区滢水山庄一区3栋,,,,,,广东省深圳市龙华区民治街道民乐社区滢水山庄一区3栋
广东省深圳市龙华区民治街道民乐社区滢水山庄一区4栋,,,,,,广东省深圳市龙华区民治街道民乐社区滢水山庄一区4栋
广东省深圳市龙华区民治街道民乐社区滢水山庄一区5栋,,,,,,广东省深圳市龙华区民治街道民乐社区滢水山庄一区5栋
广东省深圳市龙华区民治街道民乐社区滢水山庄一区6栋,,,,,,广东省深圳市龙华区民治街道民乐社区滢水山庄一区6栋
广东省深圳市龙华区民治街道民乐社区滢水山庄一区7栋,,,,,,广东省深圳市龙华区民治街道民乐社区滢水山庄一区7栋
广东省深圳市龙华区民治街道民乐社区滢水山庄一区8栋,,,,,,广东省深圳市龙华区民治街道民乐社区滢水山庄一区8栋
广东省深圳市龙华区民治街道民乐社区滢水山庄一区9栋,,,,,,广东省深圳市龙华区民治街道民乐社区滢水山庄一区9栋
广东省深圳市龙华区民治街道民乐社区滢水山庄一区10栋,,,,,,广东省深圳市龙华区民治街道民乐社区滢水山庄一区10栋
广东省深圳市龙华区民治街道民乐社区滢水山庄二区2栋,,,,,,广东省深圳市龙华区民治街道民乐社区滢水山庄二区2栋
广东省深圳市龙华区民治街道民乐社区滢水山庄二区3栋,,,,,,广东省深圳市龙华区民治街道民乐社区滢水山庄二区3栋
广东省深圳市龙华区民治街道民乐社区滢水山庄二区4栋,,,,,,广东省深圳市龙华区民治街道民乐社区滢水山庄二区4栋
广东省深圳市龙华区民治街道民乐社区滢水山庄二区5栋,,,,,,广东省深圳市龙华区民治街道民乐社区滢水山庄二区5栋
广东省深圳市龙华区民治街道民乐社区滢水山庄二区6栋,,,,,,广东省深圳市龙华区民治街道民乐社区滢水山庄二区6栋
广东省深圳市龙华区民治街道民乐社区滢水山庄二区7栋,,,,,,广东省深圳市龙华区民治街道民乐社区滢水山庄二区7栋
广东省深圳市龙华区民治街道民乐社区滢水山庄二区8栋,,,,,,广东省深圳市龙华区民治街道民乐社区滢水山庄二区8栋
广东省深圳市龙华区民治街道民乐社区滢水山庄二区9栋,,,,,,广东省深圳市龙华区民治街道民乐社区滢水山庄二区9栋
